config,filters,dense_units,dropout,lr,optimizer,batch_size,params,epochs_run,train_acc,val_acc,val_macro_f1,val_loss,time_s
C09 dropout=0.5,32,128,0.5,0.001,adam,32,357068,40,0.9971890372452565,0.980327868852459,0.9814287838606738,0.1659056544303894,99.0
C06 filters=16,16,128,0.3,0.001,adam,32,156332,27,0.983134223471539,0.9639344262295082,0.9627367413247135,0.21797895431518555,30.0
C07 filters=64,64,128,0.3,0.001,adam,32,896780,35,0.9971890372452565,0.9573770491803278,0.9565543641333769,0.28687238693237305,179.0
C01 baseline,32,128,0.3,0.001,adam,32,357068,25,0.994378074490513,0.9573770491803278,0.9553631301017563,0.22435317933559418,65.0
C08 dropout=0.0,32,128,0.0,0.001,adam,32,357068,24,0.9957835558678847,0.9540983606557377,0.9517450633384038,0.2591935694217682,61.2
C10 dense=64,32,64,0.3,0.001,adam,32,225164,27,0.9866479269149684,0.9508196721311475,0.951232953343116,0.19822004437446594,70.2
C05 RMSprop,32,128,0.3,0.001,rmsprop,32,357068,26,0.9957835558678847,0.9475409836065574,0.9482465863229064,0.21181875467300415,67.1
C04 SGD+momentum 1e-2,32,128,0.3,0.01,sgd,32,357068,23,0.9789177793394237,0.9442622950819672,0.9411843139003908,0.23672455549240112,57.4
C11 batch=64,32,128,0.3,0.001,adam,64,357068,24,0.9824314827828531,0.9344262295081968,0.9331449709167439,0.23610341548919678,51.0
C03 lr=1e-4,32,128,0.3,0.0001,adam,32,357068,40,0.9690794096978215,0.9311475409836065,0.9283879027649301,0.30699896812438965,103.3
C02 lr=1e-2,32,128,0.3,0.01,adam,32,357068,37,0.11524947294448348,0.11475409836065574,0.017156862745098037,2.4587314128875732,95.6
