config,params,epochs,train_acc,val_acc,val_macro_f1,val_loss,time_s
C06 filters=16/32,99810,40,0.9957835558678847,0.9508196721311475,0.9499500541265008,0.18853060901165009,10
C07 filters=32/64,219458,40,0.9901616303583978,0.9442622950819672,0.9454819988446128,0.19699497520923615,16
C01 baseline,48634,40,0.9817287420941673,0.9377049180327869,0.935826841290525,0.2275887429714203,9
C12 batch=32,48634,28,0.9754040758959944,0.9245901639344263,0.9235602376858735,0.2566772699356079,7
C04 SGD,48634,36,0.9648629655657063,0.9245901639344263,0.9215112149559115,0.306189626455307,8
C08 kernel=3,64410,37,0.9761068165846802,0.9245901639344263,0.9201864386769875,0.3025863766670227,6
C09 dropout=0.0,48634,33,0.9725931131412509,0.921311475409836,0.919946996559557,0.2653712034225464,7
C05 RMSprop,48634,40,0.9676739283204497,0.921311475409836,0.9195658805619442,0.2880193889141083,8
C11 dense=200/100,104384,29,0.9768095572733662,0.9114754098360656,0.9100718657394172,0.2526426315307617,7
C10 dropout=0.3,48634,29,0.9690794096978215,0.9081967213114754,0.9046234442273908,0.2588699758052826,6
C03 lr=0.0001,48634,40,0.7877723120168658,0.780327868852459,0.770211537292746,0.8106268048286438,9
C02 lr=0.01,48634,19,0.11524947294448348,0.11475409836065574,0.017156862745098037,2.4587562084198,4
